Location,Population,Average Commute (min),Median Home Value ($),Median Monthly Rent ($),Median Household Income ($),Coordinates
"Naples, FL",24439,17,1239805,1608,141963,"[26.142036, -81.794807]"
"Virginia Beach, VA",456053,21,376063,1406,92689,"[36.850038, -75.975128]"
"New York City, NY",8301314,37,729136,1582,78477,"[40.712728, -74.006015]"
"Sarasota, FL",56013,20,497190,1545,79413,"[27.336581, -82.530855]"
"Boise, ID",242206,17,553529,1335,82495,"[43.616616, -116.200886]"
"Raleigh, NC",476137,20,456019,1305,90721,"[35.780398, -78.639099]"
"Jacksonville, FL",990505,22,302616,1241,68013,"[30.332184, -81.655651]"
"Huntsville, AL",228603,19,302276,883,72930,"[34.729847, -86.585901]"
"Charlotte, NC",920072,22,397862,1339,80763,"[35.227209, -80.843083]"
"Fort Wayne, IN",270539,18,183829,765,61834,"[41.079990, -85.138601]"
"Green Bay, WI",106583,15,206179,743,61539,"[44.512638, -88.012579]"
"Washington, DC",682425,30,711110,1770,105173,"[38.895037, -77.036543]"
"Charleston, SC",158129,20,463644,1387,90050,"[32.787601, -79.940273]"
"San Francisco, CA",813200,28,1389227,2223,143997,"[37.779026, -122.419906]"
"South Bend, IN",104781,17,151242,819,52657,"[41.683381, -86.250007]"
"Lexington, KY",321813,18,295763,871,68247,"[38.046407, -84.497039]"
"Pensacola, FL",54654,18,296312,1013,71671,"[30.421309, -87.216915]"
"Tampa, FL",408511,22,414677,1410,75210,"[27.947760, -82.458444]"
"Port St. Lucie, FL",238004,24,349395,1290,79105,"[27.293933, -80.350328]"
"Melbourne, FL",87027,20,310404,1261,67787,"[28.078099, -80.607651]"
"Anchorage, AK",274567,17,374530,1247,98036,"[61.216313, -149.894852]"
"Seattle, WA",770828,24,923623,1800,126700,"[47.603832, -122.330062]"
"Oklahoma City, OK",713207,21,230952,825,67188,"[35.472989, -97.517054]"
"Fort Meyers, FL",91260,23,374158,1424,64898,"[26.640232, -81.872529]"
"Omaha, NE",486254,17,253521,925,72588,"[41.258746, -95.938376]"
"Honolulu, HI",357905,19,910415,1642,88214,"[21.304547, -157.855676]"
"Portland, OR",642884,21,565836,1371,92125,"[45.520247, -122.674194]"
"Des Moines, IA",218178,18,186510,900,64592,"[41.587022, -93.625008]"
"Boston, MA",654603,29,694238,1810,94323,"[42.355433, -71.060511]"
"Greenville, SC",79420,17,420025,1071,73817,"[34.851453, -82.398903]"
"Manchester, NH",118234,19,371951,1311,83407,"[42.995640, -71.454789]"
"Austin, TX",997670,20,584446,1466,96149,"[30.270810, -97.743610]"
"Pittsburgh, PA",310519,21,206135,948,66594,"[40.441694, -79.990086]"
"Lakeland, FL",121201,20,263509,1063,63833,"[28.039465, -81.949804]"
"Louisville, KY",247734,19,214151,791,53414,"[38.254238, -85.759407]"
"Montgomery, AL",197171,18,158085,735,57029,"[32.378106, -86.309349]"
"Madison, WI",278984,18,361084,1168,77853,"[43.074761, -89.383761]"
"San Jose, CA",968732,23,1294556,2338,142863,"[37.336166, -121.890591]"
"Hickory, NC",45306,17,524250,756,62234,"[35.733331, -81.344291]"
"Grand Rapids, MI",202930,17,241442,1088,66515,"[42.963240, -85.667864]"
"Nashville, TN",690085,22,435628,1316,77371,"[36.162270, -86.774242]"
"Buffalo, NY",287612,18,189822,842,49405,"[42.886717, -78.878392]"
"Indianapolis, IN",886156,22,222268,856,61452,"[39.768333, -86.158350]"
"Lincoln, NE",295976,16,265255,876,70199,"[40.808886, -96.707775]"
"Tucson, AZ",548153,20,275701,932,55886,"[32.222876, -110.974848]"
"Colorado Springs, CO",486839,19,467431,1394,86162,"[38.833958, -104.825348]"
"Columbus, OH",914262,20,255115,999,64205,"[39.962260, -83.000707]"
"San Diego, CA",1396734,21,885517,1943,107533,"[32.717420, -117.162773]"
"Chattanooga, TN",191223,18,298784,1026,64624,"[35.045722, -85.309488]"
"Ann Arbor, MI",122616,18,430301,1320,79451,"[42.281475, -83.748676]"
"Augusta, GA",201970,19,163376,792,53243,"[33.470971, -81.974843]"
"Phoenix, AZ",1643301,23,456730,1392,80819,"[33.448437, -112.074141]"
"Reno, NV",272777,18,531801,1350,81237,"[39.526121, -119.812658]"
"Houston, TX",2417482,25,276828,1106,63944,"[29.758938, -95.367697]"
"Orlando, FL",333456,23,388075,1541,73699,"[28.542111, -81.379030]"
"El Paso, TX",666841,21,175800,833,57754,"[31.760371, -106.487148]"
"Knoxville, TN",204000,18,276074,913,54632,"[35.960395, -83.921026]"
"Portland, ME",68771,16,468245,1363,81546,"[43.657415, -70.258633]"
"Spokane, WA",232559,18,404436,1030,67489,"[47.657193, -117.423510]"
"Greensboro, NC",306434,18,236451,923,60429,"[36.072635, -79.791975]"
"Atlanta, GA",519887,22,456009,1492,84688,"[33.755259, -84.389797]"
"McAllen, TX",144628,18,169631,783,59255,"[26.204114, -98.230060]"
"Davenport, IA",102360,16,164976,764,62561,"[41.523581, -90.577097]"
"Winston-Salem, NC",258495,19,244376,859,59714,"[36.099813, -80.244052]"
"Las Vegas, NV",655793,24,438931,1295,73347,"[36.167256, -115.148516]"
"Rochester, NY",218035,17,143707,918,50504,"[43.157285, -77.615214]"
"Spartanburg, SC",41131,17,207734,777,51979,"[34.950004, -81.931915]"
"Dallas, TX",1329426,23,337445,1257,68895,"[32.776272, -96.796856]"
"Tallahassee, FL",203992,17,285132,984,58381,"[30.438083, -84.280933]"
"Baltimore, MD",568184,23,210666,1045,558427,"[39.290882, -76.610759]"
"Chicago, IL",2696647,31,314590,1155,75694,"[41.875562, -87.624421]"
"Lancaster, PA",61121,19,213732,932,63801,"[40.038130, -76.305669]"
"Scranton, PA",77947,16,138998,753,49534,"[41.408687, -75.662129]"
"Denver, CO",720349,22,615704,1631,93503,"[39.739236, -104.984862]"
"San Antonio, TX",1467811,22,241733,1058,64957,"[29.424600, -98.495141]"
"Richmond, VA",230416,18,354664,1059,65739,"[37.538509, -77.434280]"
"Daytona Beach, FL",85690,17,301815,1203,53656,"[29.210815, -81.022833]"
"Columbia, SC",142731,17,249080,944,55671,"[34.000749, -81.034331]"
"Syracuse, NY",150483,15,141919,815,45244,"[43.048122, -76.147424]"
"Salem, OR",175102,18,391619,1136,719884,"[44.939157, -123.033121]"
"Ocala, FL",66634,17,256341,947,57618,"[29.187199, -82.140092]"
"Tulsa, OK",421630,17,213956,797,57832,"[36.156312, -95.992752]"
"Corpus Christi, TX",314109,18,202525,967,67554,"[27.763530, -97.403319]"
"Harrisburg, PA",52918,17,128939,851,46971,"[40.266311, -76.886112]"
"Philadelphia, PA",1558574,29,238723,1075,58232,"[39.952464, -75.163548]"
"Santa Barbara, CA",87077,14,1398167,1990,100280,"[34.422132, -119.702667]"
"Lafayette, LA",125854,17,236066,819,59469,"[30.226382, -92.018463]"
"Peoria, IL",112369,16,151100,695,59640,"[40.693861, -89.589101]"
"Jackson, MS",146302,20,113396,748,44635,"[32.300192, -90.183025]"
"Fort Collins, CO",168974,17,548316,1480,86676,"[40.587468, -105.076538]"
"Kansas City, MO",521120,20,250887,936,70282,"[39.100105, -94.578142]"
"Toledo, OH",270717,18,110687,686,47013,"[41.652914, -83.537817]"
"Fayetteville, AR",100391,16,318319,767,59716,"[36.062584, -94.157433]"
"Mobile, AL",188460,20,177707,745,51963,"[30.691305, -88.043678]"
"Killeen, TX",157324,18,209948,877,59291,"[31.117144, -97.727796]"
"Boulder, CO",106157,15,987275,1731,87456,"[40.014986, -105.270545]"
"Brownsville, TX",182762,19,130797,720,49982,"[25.902406, -97.498547]"
"Albany, NY",3406,18,223704,972,56991,"[42.651167, -73.754968]"
"Wichita, KS",405335,17,191957,721,62341,"[37.692236, -97.337545]"
"Beaumont, TX",112615,19,160961,815,55843,"[30.082983, -94.098433]"
"Springfield, MO",172296,16,191321,738,47160,"[37.208279, -93.292740]"
"Kalamazoo, MI",75795,16,191501,943,51007,"[42.291707, -85.587229]"
"Lansing, MI",114407,17,126200,786,53032,"[42.733771, -84.555380]"
"Asheville, NC",97470,18,407100,1146,68089,"[35.595428, -82.550961]"
"Little Rock, AR",204761,17,224033,763,62356,"[34.746507, -92.289627]"
"Sacramento, CA",533952,21,525833,1499,86762,"[38.581061, -121.493895]"
"Savannah, GA",157029,19,272339,1105,59308,"[32.079084, -81.092285]"
"Santa Rosa, CA",173556,18,688690,1770,94462,"[38.440492, -122.714105]"
"Los Angeles, CA",3866057,29,871972,1671,82848,"[34.053691, -118.242766]"
"Salt Lake City, UT",230615,17,578624,1340,81417,"[40.759620, -111.886797]"
"Cincinnati, OH",314831,20,235965,792,52802,"[39.101454, -84.512460]"
"Eugene, OR",179434,16,455903,1161,65834,"[44.050505, -123.095051]"
"Dayton, OH",145188,18,107136,660,43919,"[39.758948, -84.191607]"
"Rockford, IL",150018,17,134642,732,52480,"[42.271394, -89.093966]"
"Salisbury, MD",33776,16,232927,963,57514,"[38.366027, -75.600996]"
"Salinas, CA",154842,22,609789,1279,85356,"[36.674412, -121.655037]"
"Albuquerque, NM",561541,20,285258,896,65948,"[35.084103, -106.650985]"
"Huntington, WV",45931,15,135059,642,40299,"[38.419250, -82.445154]"
"Fayetteville, NC",210818,17,183268,922,57060,"[35.052576, -78.878292]"
"Shreveport, LA",179480,17,170269,704,46993,"[32.513352, -93.748329]"
"Myrtle Beach, SC",40139,18,347457,990,53251,"[33.695646, -78.890041]"
"Allentown, PA",129269,21,216615,1022,53835,"[40.602206, -75.471279]"
"Milwaukee, WI",573678,20,184097,831,51744,"[43.038307, -87.909267]"
"Gulfport, MS",74212,19,188052,797,47016,"[30.367420, -89.092816]"
"Reading, PA",98954,20,122341,838,44721,"[40.335345, -75.927949]"
"Providence, RI",196103,20,363592,1096,66415,"[41.824498, -71.413227]"
"Miami, FL",464669,25,496682,1527,64721,"[25.774173, -80.193620]"
"Visalia, CA",142321,18,343305,1055,80663,"[36.330228, -119.292058]"
"Modesto, CA",218028,20,441234,1275,79263,"[37.639097, -120.996878]"
"Youngstown, OH",60987,18,57603,573,35898,"[41.103579, -80.652016]"
"Minneapolis, MN",430779,20,361884,1220,80052,"[44.977300, -93.265469]"
"Bakersfield, CA",408014,20,353984,1052,79532,"[35.373871, -119.019464]"
"Worcester, MA",208439,20,350645,1142,67683,"[42.262562, -71.801888]"
"York, PA",47888,19,97686,806,45109,"[39.962462, -76.727707]"
"Memphis, TN",633533,20,226459,839,53366,"[35.145179, -90.051224]"
"Vallejo, CA",123583,30,582253,1798,87490,"[38.104086, -122.256637]"
"Fresno, CA",547634,19,370969,1091,68676,"[36.739442, -119.784831]"
"Flint, MI",85330,18,63097,616,36895,"[43.016169, -83.690021]"
"Birmingham, AL",205827,20,152231,784,47050,"[33.520682, -86.802433]"
"Springfield, MA",155487,18,236510,845,51493,"[42.101876, -72.588673]"
"Stockton, CA",320465,21,448299,1249,77856,"[37.957702, -121.290780]"
"Cleveland, OH",385883,20,118959,762,41583,"[41.499657, -81.693677]"
"Trenton, NJ",92523,21,129046,1123,48336,"[40.220148, -74.765757]"
"St. Louis, MO",282985,21,197774,750,56226,"[38.626312, -90.190338]"
"Baton Rouge, LA",224517,19,222741,839,50291,"[30.449058, -91.186729]"
"New Orleans, LA",366013,20,306358,915,51730,"[29.956169, -90.072887]"
"Detroit, MI",663149,22,101664,774,40745,"[42.331551, -83.046640]"
"New Haven, CT",138624,18,265793,1191,55961,"[41.309277, -72.925049]"
"Hartford, CT",127333,19,219624,1020,49263,"[41.764582, -72.690855]"
"San Juan, PR",342493,31,184536,683,33470,"[18.465299, -66.116666]"
